Name,Age,Team,G,AB,PA,H,1B,2B,3B,HR,R,RBI,BB,IBB,SO,HBP,SF,SH,GDP,SB,CS,AVG,OBP,SLG,OPS,ISO,BABIP,BB%,K%,BB/K,GB,FB,LD,IFFB,Pitches,Balls,Strikes,IFH,BU,BUH,GB/FB,LD%,GB%,FB%,HR/FB,wOBA,wRAA,wRC,WAR,wRC+,WPA,RE24,Pull%,Cent%,Oppo%,Soft%,Med%,Hard%,Barrels,Barrel%,EV,LA,HardHit%,maxEV,xBA,xSLG,xwOBA
Aaron Judge,32,NYY,158,559,704,180,85,36,1,58,122,144,133,20,171,9,2,0,22,10,0,0.322,0.458,0.701,1.159,0.379,0.367,0.18899999999999997,0.243,0.78,119,180,91,10,2887,1252,1635,10,0,0,0.0066,0.233,0.305,0.462,0.322,0.476,93.8,176,11.3,219,6.17,96.76,0.4,0.349,0.251,0.07200000000000001,0.451,0.47700000000000004,105,0.26899999999999996,96.2,18.9,0.609,117.5,0.31,0.723,0.479
Bobby Witt Jr.,24,KCR,161,636,709,211,123,45,11,32,125,109,57,9,106,8,8,0,4,31,12,0.332,0.389,0.588,0.977,0.256,0.354,0.08,0.15,0.54,199,239,100,26,2602,913,1689,21,0,0,0.0083,0.18600000000000003,0.37,0.444,0.134,0.41,56.8,140,10.4,168,4.99,63.74,0.35100000000000003,0.385,0.264,0.147,0.5,0.353,77,0.14300000000000002,92.7,15.1,0.48100000000000004,116.9,0.315,0.576,0.407
Shohei Ohtani,29,LAD,159,636,731,197,98,38,7,54,134,130,81,10,162,6,5,0,7,59,4,0.31,0.39,0.646,1.036,0.336,0.336,0.111,0.222,0.5,172,193,113,10,2838,1087,1751,10,1,0,0.0089,0.23600000000000002,0.36,0.40399999999999997,0.28,0.431,70.8,156,8.9,180,7.31,81.44,0.424,0.34700000000000003,0.23,0.106,0.451,0.44299999999999995,103,0.214,95.8,16.2,0.595,119.2,0.314,0.66,0.442
Juan Soto,25,NYY,157,576,713,166,90,31,4,41,128,109,129,2,119,4,4,0,10,7,4,0.288,0.419,0.569,0.989,0.281,0.298,0.18100000000000002,0.16699999999999998,1.08,199,164,93,14,2969,1306,1663,6,5,4,0.0121,0.204,0.436,0.36,0.25,0.421,63.4,147,8.2,181,5.98,69.94,0.451,0.34700000000000003,0.20199999999999999,0.126,0.445,0.43,91,0.19699999999999998,94.2,10.7,0.568,115.7,0.316,0.646,0.462
Gunnar Henderson,23,BAL,159,630,719,177,102,31,7,37,118,92,78,1,159,7,4,0,2,21,4,0.281,0.364,0.529,0.893,0.248,0.32,0.10800000000000001,0.221,0.49,222,155,98,12,2903,1137,1766,18,0,0,0.0143,0.20600000000000002,0.467,0.326,0.239,0.381,41.3,125,7.9,154,3.02,34.16,0.392,0.377,0.23199999999999998,0.135,0.43200000000000005,0.434,53,0.11199999999999999,92.8,9.2,0.539,113.1,0.283,0.492,0.374
Francisco Lindor,30,NYM,152,618,689,169,96,39,1,33,107,91,56,0,127,12,3,0,7,29,4,0.273,0.344,0.5,0.844,0.227,0.295,0.081,0.184,0.44,170,213,110,16,2716,978,1738,13,1,1,0.008,0.223,0.345,0.43200000000000005,0.155,0.363,29.2,110,7.8,138,4.44,35.04,0.45299999999999996,0.34,0.20600000000000002,0.12300000000000001,0.51,0.366,66,0.134,90.9,17.0,0.474,112.7,0.283,0.528,0.379
Jarren Duran,27,BOS,160,671,735,191,108,48,14,21,111,75,54,1,160,6,3,1,6,34,7,0.285,0.342,0.492,0.834,0.207,0.345,0.073,0.218,0.34,237,179,93,15,2848,1016,1832,20,6,1,0.0132,0.183,0.466,0.35200000000000004,0.11699999999999999,0.357,27.6,114,6.9,130,2.29,22.19,0.322,0.381,0.297,0.159,0.501,0.34,47,0.091,90.8,9.5,0.43700000000000006,113.9,0.271,0.448,0.338
Jose Ramirez,31,CLE,158,620,682,173,93,39,2,39,114,118,54,12,82,1,6,0,9,41,7,0.279,0.335,0.537,0.872,0.258,0.265,0.079,0.12,0.66,186,266,92,29,2740,977,1763,16,0,0,0.006999999999999999,0.16899999999999998,0.342,0.489,0.147,0.364,29.7,109,6.5,142,3.43,49.36,0.528,0.278,0.195,0.162,0.489,0.349,47,0.086,89.2,19.6,0.396,116.6,0.259,0.453,0.329
Elly De La Cruz,22,CIN,160,618,696,160,89,36,10,25,105,76,69,2,218,6,1,2,12,67,16,0.259,0.339,0.471,0.809,0.212,0.359,0.099,0.313,0.32,184,131,82,7,2754,1046,1708,14,6,2,0.013999999999999999,0.207,0.46299999999999997,0.33,0.191,0.349,21.5,103,6.5,119,-0.37,16.56,0.439,0.342,0.218,0.094,0.536,0.37,51,0.127,91.8,9.7,0.457,114.7,0.24,0.428,0.328
Ketel Marte,30,ARI,136,504,583,147,86,23,2,36,93,95,65,7,106,5,9,0,9,7,1,0.292,0.372,0.56,0.932,0.268,0.299,0.111,0.182,0.61,195,140,70,11,2149,823,1326,10,2,2,0.0139,0.17300000000000001,0.48100000000000004,0.34600000000000003,0.257,0.391,37.9,106,6.3,151,3.26,39.52,0.518,0.31,0.172,0.10800000000000001,0.462,0.43,50,0.12300000000000001,94.1,9.5,0.5329999999999999,117.0,0.294,0.538,0.392
William Contreras,26,MIL,155,595,679,167,105,37,2,23,99,92,78,5,139,3,3,0,19,9,2,0.281,0.365,0.466,0.831,0.185,0.33,0.115,0.205,0.56,250,133,76,12,2677,1046,1631,22,0,0,0.018799999999999997,0.166,0.545,0.29,0.17300000000000001,0.359,26.5,106,5.5,132,0.92,29.1,0.39399999999999996,0.35100000000000003,0.255,0.133,0.466,0.401,46,0.1,92.8,6.1,0.49,118.1,0.269,0.471,0.358
Matt Chapman,31,SFG,154,575,647,142,74,39,2,27,98,78,64,3,158,6,2,0,13,15,2,0.247,0.328,0.463,0.79,0.216,0.293,0.099,0.244,0.41,161,190,68,31,2710,983,1727,17,0,0,0.0085,0.162,0.384,0.45299999999999996,0.142,0.34,15.6,91,5.5,121,0.7,20.23,0.389,0.377,0.23399999999999999,0.16699999999999998,0.45799999999999996,0.375,53,0.126,93.2,16.2,0.48200000000000004,114.5,0.25,0.451,0.341
Cal Raleigh,27,SEA,153,546,628,120,70,16,0,34,73,100,70,4,176,6,6,0,7,6,1,0.22,0.312,0.436,0.748,0.216,0.251,0.111,0.28,0.4,117,195,64,25,2517,906,1611,8,0,0,0.006,0.17,0.311,0.519,0.174,0.323,6.3,80,5.5,118,1.46,18.24,0.489,0.293,0.218,0.165,0.441,0.39399999999999996,58,0.154,91.0,21.2,0.48100000000000004,113.9,0.233,0.476,0.346
Jackson Merrill,21,SDP,156,554,593,162,101,31,6,24,77,90,29,1,101,1,5,4,2,16,3,0.292,0.326,0.5,0.826,0.208,0.318,0.049,0.17,0.29,164,184,109,7,2214,728,1486,12,5,1,0.0089,0.239,0.359,0.40299999999999997,0.13,0.352,19.7,89,5.3,130,2.44,15.97,0.32899999999999996,0.413,0.258,0.12300000000000001,0.522,0.355,52,0.113,90.4,14.6,0.439,111.6,0.3,0.531,0.369
Yordan Alvarez,27,HOU,147,552,635,170,99,34,2,35,88,86,69,16,95,10,4,0,14,6,0,0.308,0.392,0.567,0.959,0.259,0.317,0.109,0.15,0.73,153,219,88,13,2271,846,1425,10,1,1,0.006999999999999999,0.191,0.33299999999999996,0.47600000000000003,0.16,0.402,46.7,121,5.2,167,3.96,45.98,0.36700000000000005,0.375,0.258,0.124,0.466,0.41,67,0.145,93.1,18.3,0.49700000000000005,117.0,0.303,0.595,0.411
Vladimir Guerrero Jr.,25,TOR,159,616,697,199,124,44,1,30,98,103,72,12,96,5,4,0,16,2,2,0.323,0.396,0.544,0.94,0.221,0.342,0.10300000000000001,0.138,0.75,252,175,97,11,2603,948,1655,10,0,0,0.0144,0.185,0.48100000000000004,0.33399999999999996,0.171,0.398,49.2,131,5.2,164,2.81,45.67,0.353,0.395,0.252,0.122,0.466,0.41200000000000003,72,0.13699999999999998,93.8,7.4,0.5479999999999999,117.6,0.321,0.567,0.408
Brent Rooker,29,OAK,145,546,614,160,93,26,2,39,82,112,59,4,177,5,4,0,5,11,3,0.293,0.365,0.562,0.927,0.269,0.362,0.096,0.28800000000000003,0.33,124,170,79,14,2378,875,1503,12,0,0,0.0073,0.212,0.332,0.456,0.22899999999999998,0.392,40.5,112,5.1,164,3.81,47.58,0.442,0.322,0.23600000000000002,0.139,0.475,0.386,62,0.166,91.9,18.9,0.496,113.4,0.266,0.557,0.38
Bryce Harper,31,PHI,145,550,631,157,85,42,0,30,85,87,76,11,138,2,2,1,18,7,4,0.285,0.373,0.525,0.898,0.24,0.331,0.12,0.21899999999999997,0.55,156,164,94,7,2474,932,1542,11,1,0,0.0095,0.22699999999999998,0.377,0.396,0.183,0.38,35.6,109,5.1,144,-0.02,28.03,0.345,0.335,0.32,0.12300000000000001,0.48200000000000004,0.395,43,0.10400000000000001,91.0,13.5,0.47200000000000003,113.8,0.267,0.474,0.357
Willy Adames,28,MIL,161,610,688,153,88,33,0,32,93,112,74,3,173,1,3,0,12,21,4,0.251,0.331,0.462,0.794,0.211,0.297,0.10800000000000001,0.251,0.43,138,219,83,25,2736,999,1737,12,0,0,0.0063,0.18899999999999997,0.314,0.498,0.146,0.342,17.6,98,4.9,121,1.2,23.18,0.452,0.336,0.21100000000000002,0.16399999999999998,0.511,0.325,53,0.12,88.6,20.6,0.405,112.3,0.243,0.461,0.339
Marcell Ozuna,33,ATL,162,606,688,183,113,31,0,39,96,104,74,2,170,3,4,0,23,1,0,0.302,0.378,0.546,0.925,0.244,0.359,0.10800000000000001,0.247,0.44,167,169,104,9,2877,1135,1742,9,0,0,0.009899999999999999,0.23600000000000002,0.38,0.384,0.231,0.395,46.7,127,4.7,155,3.59,35.14,0.475,0.327,0.198,0.139,0.461,0.4,68,0.154,92.2,14.4,0.5329999999999999,114.8,0.286,0.572,0.402
Corey Seager,30,TEX,123,475,533,132,81,21,0,30,68,74,53,11,96,3,2,0,8,1,1,0.278,0.353,0.512,0.864,0.234,0.291,0.099,0.18,0.55,157,161,63,6,1872,706,1166,6,0,0,0.0098,0.165,0.41200000000000003,0.423,0.18600000000000003,0.365,23.4,86,4.6,141,3.98,34.84,0.436,0.33899999999999997,0.226,0.087,0.48,0.433,58,0.152,92.1,13.5,0.496,113.3,0.289,0.561,0.39
Mookie Betts,31,LAD,116,450,516,130,82,24,5,19,75,75,61,2,57,1,4,0,10,16,2,0.289,0.372,0.491,0.863,0.202,0.294,0.11800000000000001,0.11,1.07,107,193,97,17,2048,812,1236,5,0,0,0.0055000000000000005,0.244,0.27,0.486,0.098,0.371,25.2,86,4.3,140,2.43,33.01,0.35,0.40299999999999997,0.247,0.141,0.531,0.327,24,0.06,89.9,21.4,0.39299999999999996,109.4,0.282,0.447,0.356
Jurickson Profar,31,SDP,158,564,668,158,105,29,0,24,94,85,76,4,101,18,5,5,14,10,3,0.28,0.38,0.459,0.839,0.179,0.302,0.114,0.151,0.75,196,176,92,14,2742,1068,1674,6,9,4,0.0111,0.198,0.42200000000000004,0.379,0.136,0.365,29.6,108,4.3,139,5.1,36.8,0.40399999999999997,0.359,0.237,0.15,0.529,0.321,34,0.07200000000000001,91.1,13.4,0.442,110.3,0.282,0.444,0.364
Rafael Devers,27,BOS,138,525,601,143,76,34,5,28,87,83,67,14,147,3,6,0,13,3,0,0.272,0.354,0.516,0.871,0.244,0.323,0.111,0.245,0.46,157,141,86,14,2380,879,1501,5,0,0,0.0111,0.22399999999999998,0.409,0.36700000000000005,0.19899999999999998,0.364,26.0,96,4.2,135,1.05,20.36,0.341,0.409,0.25,0.161,0.43,0.409,50,0.13,93.2,11.6,0.523,114.7,0.271,0.507,0.363
Steven Kwan,26,CLE,122,480,540,140,107,16,3,14,83,44,53,0,51,5,0,2,5,12,5,0.292,0.368,0.425,0.793,0.133,0.304,0.098,0.094,1.04,153,166,102,9,2167,821,1346,7,10,6,0.0092,0.242,0.363,0.39399999999999996,0.084,0.349,17.1,80,4.2,131,0.74,16.6,0.318,0.36,0.32299999999999995,0.142,0.608,0.251,11,0.026000000000000002,86.3,14.9,0.237,105.6,0.284,0.385,0.333
Corbin Carroll,23,ARI,158,589,684,136,78,22,14,22,121,74,73,0,130,10,9,3,3,35,8,0.231,0.322,0.428,0.749,0.197,0.256,0.107,0.19,0.56,206,183,78,37,2649,1040,1609,15,4,1,0.0113,0.16699999999999998,0.441,0.392,0.12,0.325,8.1,88,4.2,107,3.23,17.48,0.406,0.33799999999999997,0.257,0.204,0.465,0.331,34,0.07200000000000001,89.3,11.7,0.406,111.5,0.241,0.391,0.324
Dansby Swanson,30,CHC,149,534,593,129,84,27,2,16,82,66,54,2,144,2,3,0,7,19,3,0.242,0.312,0.39,0.701,0.148,0.3,0.091,0.243,0.38,196,131,66,11,2359,865,1494,19,0,0,0.015,0.168,0.499,0.33299999999999996,0.122,0.307,-1.7,68,4.2,98,0.51,9.69,0.461,0.35100000000000003,0.188,0.15,0.539,0.31,36,0.092,89.4,10.4,0.425,109.8,0.244,0.416,0.321
Marcus Semien,33,TEX,159,650,718,154,102,27,2,23,101,74,64,2,105,3,1,0,9,8,3,0.237,0.308,0.391,0.699,0.154,0.25,0.08900000000000001,0.146,0.61,216,232,98,32,2627,960,1667,25,0,0,0.009300000000000001,0.179,0.396,0.425,0.099,0.306,-2.5,82,4.2,100,-1.49,2.84,0.504,0.293,0.203,0.168,0.505,0.326,36,0.066,87.4,17.0,0.35200000000000004,112.1,0.251,0.391,0.313
Alex Bregman,30,HOU,145,581,634,151,93,30,2,26,79,75,44,1,86,5,4,0,13,3,1,0.26,0.315,0.453,0.768,0.193,0.264,0.069,0.136,0.51,182,226,91,29,2394,868,1526,13,0,0,0.008100000000000001,0.182,0.365,0.45299999999999996,0.115,0.331,10.5,85,4.1,117,-0.84,0.82,0.39899999999999997,0.345,0.257,0.182,0.519,0.299,31,0.062,89.1,18.1,0.401,109.1,0.257,0.417,0.319
Riley Greene,23,DET,137,512,584,134,77,27,6,24,82,74,64,3,156,5,2,0,2,4,2,0.262,0.348,0.479,0.827,0.217,0.329,0.11,0.267,0.41,156,124,78,5,2416,935,1481,6,0,0,0.0126,0.218,0.436,0.34600000000000003,0.19399999999999998,0.355,21.3,90,4.0,135,2.29,24.35,0.397,0.363,0.24,0.087,0.578,0.335,48,0.134,91.3,12.2,0.462,114.0,0.253,0.477,0.353
Jackson Chourio,20,MIL,148,528,573,145,91,29,4,21,80,79,39,4,121,3,2,1,7,22,7,0.275,0.327,0.464,0.791,0.189,0.32,0.068,0.21100000000000002,0.32,196,128,82,6,2106,708,1398,24,4,0,0.015300000000000001,0.20199999999999999,0.483,0.315,0.16399999999999998,0.339,13.1,80,4.0,119,2.54,22.27,0.363,0.40700000000000003,0.22899999999999998,0.156,0.485,0.359,32,0.078,89.7,7.6,0.446,111.6,0.274,0.43,0.328
Jazz Chisholm Jr.,26,- - -,147,562,621,144,95,21,4,24,74,73,53,5,152,4,2,0,6,40,10,0.256,0.324,0.436,0.76,0.18,0.309,0.085,0.245,0.35,198,142,65,12,2499,930,1569,15,7,4,0.0139,0.16,0.489,0.35100000000000003,0.16899999999999998,0.327,8.5,81,4.0,110,0.31,3.19,0.444,0.376,0.18,0.141,0.519,0.34,40,0.09699999999999999,89.7,11.4,0.408,110.1,0.24,0.415,0.316
Julio Rodriguez,23,SEA,143,567,613,155,118,17,0,20,76,68,38,1,156,6,2,0,10,24,5,0.273,0.325,0.409,0.734,0.136,0.344,0.062,0.254,0.24,183,145,85,12,2386,818,1568,20,0,0,0.0126,0.20600000000000002,0.44299999999999995,0.35100000000000003,0.138,0.321,5.1,77,4.0,116,1.86,11.74,0.35600000000000004,0.366,0.278,0.14300000000000002,0.49200000000000005,0.366,42,0.102,91.7,10.5,0.48200000000000004,114.5,0.275,0.463,0.344
Freddie Freeman,34,LAD,147,542,638,153,94,35,2,22,81,89,78,9,100,10,8,0,13,9,2,0.282,0.378,0.476,0.854,0.194,0.306,0.122,0.157,0.78,174,174,102,5,2524,970,1554,4,0,0,0.01,0.22699999999999998,0.387,0.387,0.126,0.365,28.3,103,3.9,136,1.67,18.94,0.353,0.336,0.311,0.124,0.551,0.324,41,0.091,89.4,14.3,0.41600000000000004,112.3,0.276,0.463,0.364
Jose Altuve,34,HOU,153,628,682,185,134,31,0,20,94,65,47,2,119,7,0,0,15,22,7,0.295,0.35,0.439,0.79,0.145,0.337,0.069,0.174,0.39,208,166,122,13,2456,832,1624,18,13,9,0.0125,0.24600000000000002,0.419,0.335,0.12,0.344,18.7,98,3.9,127,1.97,15.83,0.556,0.303,0.141,0.161,0.5539999999999999,0.285,33,0.065,86.5,14.1,0.31,108.5,0.262,0.399,0.316
Colton Cowser,24,BAL,153,499,561,121,70,24,3,24,77,69,52,2,172,7,3,0,9,9,4,0.242,0.321,0.447,0.768,0.204,0.317,0.09300000000000001,0.307,0.3,143,129,57,2,2313,848,1465,9,1,0,0.0111,0.17300000000000001,0.435,0.392,0.18600000000000003,0.331,9.6,75,3.9,118,-2.51,-8.07,0.4,0.35200000000000004,0.248,0.106,0.527,0.36700000000000005,45,0.136,90.5,13.0,0.452,113.6,0.23,0.437,0.326
Nico Hoerner,27,CHC,151,582,641,159,116,35,1,7,86,48,44,1,66,12,3,0,8,31,6,0.273,0.335,0.373,0.708,0.1,0.297,0.069,0.10300000000000001,0.67,230,164,125,21,2316,755,1561,25,0,0,0.013999999999999999,0.24100000000000002,0.44299999999999995,0.316,0.043,0.313,1.5,76,3.9,102,1.32,5.95,0.341,0.368,0.29100000000000004,0.2,0.595,0.204,6,0.012,85.7,10.4,0.27399999999999997,110.1,0.28,0.353,0.313
Trea Turner,31,PHI,121,505,539,149,103,25,0,21,88,62,27,0,98,6,1,0,10,19,4,0.295,0.338,0.469,0.807,0.174,0.331,0.05,0.182,0.28,193,149,66,11,2044,691,1353,21,0,0,0.013000000000000001,0.162,0.473,0.365,0.141,0.349,16.9,80,3.8,123,1.56,13.88,0.461,0.319,0.221,0.135,0.527,0.33799999999999997,28,0.069,89.1,11.6,0.402,110.6,0.264,0.419,0.318
Eugenio Suarez,32,ARI,158,571,640,146,86,28,2,30,90,101,49,0,176,9,11,0,10,2,1,0.256,0.319,0.469,0.788,0.214,0.309,0.077,0.275,0.28,133,177,96,18,2543,920,1623,5,0,0,0.0075,0.23600000000000002,0.32799999999999996,0.436,0.16899999999999998,0.337,14.0,89,3.8,115,-0.35,6.44,0.517,0.256,0.22699999999999998,0.14800000000000002,0.488,0.365,46,0.113,89.2,19.3,0.424,111.4,0.247,0.447,0.33
Brenton Doyle,26,COL,149,542,603,141,90,24,4,23,82,72,46,1,153,3,8,4,13,30,5,0.26,0.317,0.446,0.764,0.186,0.316,0.076,0.254,0.3,162,154,79,11,2158,758,1400,11,6,0,0.0105,0.2,0.41,0.39,0.149,0.328,8.6,79,3.7,97,-0.16,2.62,0.389,0.364,0.247,0.13699999999999998,0.496,0.36700000000000005,42,0.105,89.1,13.1,0.409,110.1,0.254,0.436,0.329
Ezequiel Tovar,22,COL,157,655,695,176,101,45,4,26,83,78,23,1,200,4,7,5,16,6,5,0.269,0.295,0.469,0.763,0.2,0.344,0.033,0.28800000000000003,0.12,151,211,98,22,2529,712,1817,15,7,1,0.0072,0.213,0.32799999999999996,0.45899999999999996,0.12300000000000001,0.324,8.0,89,3.7,95,0.11,-9.45,0.38799999999999996,0.353,0.259,0.131,0.507,0.36200000000000004,42,0.09,88.8,18.9,0.397,110.6,0.233,0.401,0.289
Masyn Winn,22,STL,150,587,637,157,105,32,5,15,85,57,41,1,109,1,5,3,1,11,5,0.267,0.314,0.416,0.73,0.148,0.303,0.064,0.171,0.38,194,179,105,20,2559,875,1684,19,8,5,0.0108,0.22,0.406,0.374,0.084,0.315,2.7,77,3.6,103,-0.17,-4.69,0.354,0.36200000000000004,0.284,0.193,0.5429999999999999,0.263,18,0.037000000000000005,87.0,13.2,0.327,111.1,0.256,0.358,0.293
Seiya Suzuki,29,CHC,132,512,585,145,91,27,6,21,74,73,63,3,160,6,4,0,6,16,6,0.283,0.366,0.482,0.848,0.199,0.37,0.10800000000000001,0.27399999999999997,0.39,120,167,69,12,2512,1000,1512,11,0,0,0.0072,0.19399999999999998,0.337,0.469,0.126,0.365,25.8,94,3.5,137,1.84,26.79,0.337,0.43799999999999994,0.225,0.14,0.475,0.385,41,0.115,91.7,16.2,0.489,115.5,0.255,0.453,0.346
Manny Machado,31,SDP,152,593,643,163,104,30,0,29,77,105,45,6,124,1,4,0,25,11,2,0.275,0.325,0.472,0.797,0.197,0.302,0.07,0.193,0.36,207,180,85,24,2389,818,1571,9,1,0,0.0115,0.18,0.439,0.381,0.161,0.34,15.3,90,3.5,122,0.59,17.33,0.374,0.406,0.22,0.133,0.495,0.37200000000000005,52,0.11,92.5,12.7,0.488,115.6,0.272,0.461,0.338
Ian Happ,29,CHC,153,569,657,138,77,34,2,25,89,86,80,1,168,6,2,0,7,13,2,0.243,0.341,0.441,0.782,0.199,0.299,0.122,0.256,0.48,157,168,77,12,2724,1048,1676,13,1,1,0.009300000000000001,0.192,0.391,0.418,0.149,0.341,16.3,93,3.5,121,1.97,17.93,0.4,0.33,0.27,0.154,0.469,0.377,47,0.11699999999999999,90.8,15.1,0.449,114.0,0.243,0.446,0.345
Oneil Cruz,25,PIT,146,541,599,140,82,34,3,21,72,76,51,5,181,3,4,0,8,22,1,0.259,0.324,0.449,0.773,0.19,0.347,0.085,0.302,0.28,174,123,67,13,2385,854,1531,5,0,0,0.0141,0.184,0.478,0.33799999999999997,0.171,0.331,10.0,80,3.5,110,0.47,2.65,0.42,0.33,0.25,0.11800000000000001,0.467,0.415,57,0.157,95.5,9.8,0.5489999999999999,121.5,0.263,0.461,0.34
Zach Neto,23,LAA,155,542,602,135,77,34,1,23,70,77,39,1,140,16,1,4,14,30,10,0.249,0.318,0.443,0.761,0.194,0.295,0.065,0.233,0.28,176,154,69,14,2292,796,1496,9,8,1,0.011399999999999999,0.17300000000000001,0.441,0.386,0.149,0.33,9.6,80,3.5,115,1.03,15.37,0.504,0.3,0.19699999999999998,0.138,0.536,0.327,34,0.084,88.5,12.3,0.386,111.3,0.236,0.414,0.317
Anthony Volpe,23,NYY,160,637,689,155,109,27,7,12,90,60,42,1,156,4,3,2,9,28,7,0.243,0.293,0.364,0.657,0.121,0.303,0.061,0.226,0.27,240,137,101,13,2799,933,1866,22,8,2,0.0175,0.21100000000000002,0.502,0.287,0.08800000000000001,0.287,-12.7,68,3.5,87,-0.05,-6.52,0.321,0.40299999999999997,0.276,0.158,0.595,0.247,19,0.039,87.7,8.4,0.349,108.7,0.238,0.332,0.278
Teoscar Hernandez,31,LAD,154,589,652,160,93,32,2,33,84,99,53,3,188,8,1,0,7,12,3,0.272,0.339,0.501,0.84,0.229,0.344,0.081,0.28800000000000003,0.28,187,147,68,8,2610,929,1681,19,0,0,0.0127,0.16899999999999998,0.465,0.366,0.22399999999999998,0.36,26.1,102,3.4,132,2.47,19.66,0.361,0.361,0.27899999999999997,0.139,0.498,0.363,60,0.149,90.6,10.3,0.467,114.1,0.25,0.486,0.346
Alec Bohm,27,PHI,143,554,606,155,94,44,2,15,62,97,40,2,86,6,6,0,18,5,2,0.28,0.332,0.448,0.779,0.168,0.305,0.066,0.142,0.47,218,156,100,11,2123,762,1361,11,0,0,0.013999999999999999,0.21100000000000002,0.46,0.32899999999999996,0.096,0.335,12.2,83,3.4,113,1.51,18.08,0.361,0.371,0.268,0.13699999999999998,0.498,0.365,31,0.065,90.5,9.8,0.451,110.8,0.288,0.444,0.342
Isaac Paredes,25,- - -,153,542,641,129,84,25,1,19,64,80,76,2,105,17,6,0,17,1,1,0.238,0.346,0.393,0.739,0.155,0.259,0.11900000000000001,0.16399999999999998,0.72,135,203,105,42,2854,1051,1803,9,0,0,0.0067,0.237,0.305,0.45799999999999996,0.094,0.327,8.9,84,3.4,116,0.87,12.88,0.537,0.289,0.174,0.212,0.544,0.244,20,0.045,85.0,22.4,0.271,107.3,0.22,0.337,0.304
Kyle Schwarber,31,PHI,150,573,692,142,82,22,0,38,110,104,106,4,197,5,8,0,6,5,3,0.248,0.366,0.485,0.851,0.237,0.301,0.153,0.285,0.54,160,154,70,23,2855,1192,1663,9,0,0,0.0104,0.182,0.41700000000000004,0.401,0.247,0.366,31.0,112,3.3,134,2.71,31.55,0.505,0.33299999999999996,0.161,0.159,0.39799999999999996,0.44299999999999995,60,0.156,93.6,15.0,0.5489999999999999,115.6,0.256,0.512,0.38
Anthony Santander,29,BAL,155,595,665,140,69,25,2,44,91,102,58,3,129,7,5,0,9,2,0,0.235,0.308,0.506,0.814,0.271,0.225,0.087,0.19399999999999998,0.45,145,258,68,43,2742,953,1789,4,0,0,0.005600000000000001,0.14400000000000002,0.308,0.5479999999999999,0.171,0.345,18.7,97,3.2,128,1.98,13.17,0.44799999999999995,0.316,0.23600000000000002,0.18899999999999997,0.461,0.35,55,0.11699999999999999,89.8,22.7,0.414,114.4,0.228,0.445,0.324
Salvador Perez,34,KCR,158,590,652,160,105,28,0,27,58,104,44,9,129,11,6,0,17,0,0,0.271,0.33,0.456,0.786,0.185,0.302,0.067,0.198,0.34,156,208,103,21,2303,742,1561,10,0,0,0.0075,0.221,0.33399999999999996,0.445,0.13,0.335,13.0,89,3.2,116,0.74,9.15,0.495,0.287,0.218,0.13699999999999998,0.501,0.36200000000000004,57,0.122,91.1,19.0,0.442,113.3,0.275,0.522,0.36
JJ Bleday,26,OAK,159,572,642,139,72,43,4,20,74,60,67,2,125,2,0,1,8,2,3,0.243,0.324,0.437,0.762,0.194,0.279,0.10400000000000001,0.195,0.54,152,213,81,26,2488,954,1534,6,2,0,0.0070999999999999995,0.182,0.341,0.478,0.094,0.33,10.4,85,3.2,120,-0.82,0.32,0.42,0.35,0.23,0.174,0.498,0.32799999999999996,37,0.083,88.5,18.6,0.36200000000000004,113.3,0.24,0.397,0.316
Brendan Donovan,27,STL,153,587,652,163,112,34,3,14,65,73,47,0,81,13,5,0,4,5,5,0.278,0.342,0.417,0.759,0.14,0.3,0.07200000000000001,0.124,0.58,212,187,108,21,2487,910,1577,12,4,4,0.0113,0.213,0.418,0.369,0.075,0.332,11.6,88,3.2,115,1.98,17.07,0.364,0.358,0.278,0.166,0.526,0.307,28,0.055,88.7,13.2,0.376,108.7,0.277,0.419,0.335
Joey Ortiz,25,MIL,142,440,511,105,63,25,6,11,58,60,56,0,103,6,6,3,10,11,6,0.239,0.329,0.398,0.726,0.159,0.283,0.11,0.20199999999999999,0.54,166,125,49,11,2127,789,1338,12,6,0,0.013300000000000001,0.14400000000000002,0.488,0.368,0.08800000000000001,0.319,3.5,63,3.2,105,-0.79,3.15,0.358,0.341,0.301,0.185,0.514,0.301,16,0.046,87.8,9.9,0.382,111.5,0.234,0.343,0.305
Daulton Varsho,27,TOR,136,459,513,98,52,21,7,18,73,58,48,1,137,4,1,1,2,10,2,0.214,0.293,0.407,0.7,0.194,0.262,0.094,0.267,0.35,101,166,47,29,2050,753,1297,12,10,4,0.0060999999999999995,0.15,0.322,0.529,0.10800000000000001,0.304,-2.4,58,3.2,98,1.68,3.53,0.515,0.253,0.231,0.222,0.48100000000000004,0.29600000000000004,20,0.062,86.1,24.4,0.33299999999999996,110.2,0.186,0.316,0.261
Tyler Stephenson,27,CIN,138,457,515,118,72,26,1,19,69,66,48,2,117,8,2,0,9,1,0,0.258,0.338,0.444,0.782,0.186,0.307,0.09300000000000001,0.22699999999999998,0.41,162,115,65,10,1948,766,1182,8,0,0,0.0141,0.19,0.474,0.336,0.165,0.339,12.1,72,3.1,113,-0.04,9.11,0.386,0.365,0.249,0.14300000000000002,0.5379999999999999,0.319,31,0.091,90.2,10.9,0.439,111.0,0.241,0.403,0.322
Nolan Arenado,33,STL,152,578,635,157,118,23,0,16,70,71,44,2,92,5,7,0,15,2,2,0.272,0.325,0.394,0.719,0.123,0.296,0.069,0.145,0.48,195,193,105,30,2455,853,1602,14,0,0,0.0101,0.213,0.396,0.391,0.083,0.314,1.8,76,3.1,102,0.52,2.05,0.465,0.35100000000000003,0.185,0.187,0.542,0.272,16,0.032,86.3,16.9,0.312,107.5,0.255,0.356,0.296
Christian Walker,33,ARI,130,479,552,120,68,26,0,26,72,84,55,4,133,10,8,0,12,2,2,0.251,0.335,0.468,0.803,0.217,0.287,0.1,0.24100000000000002,0.41,134,166,54,21,2318,894,1424,6,0,0,0.008100000000000001,0.153,0.379,0.469,0.157,0.343,14.8,79,3.0,119,0.14,6.37,0.42100000000000004,0.353,0.226,0.14400000000000002,0.469,0.387,47,0.133,91.3,16.7,0.48,113.9,0.246,0.457,0.351
Yainer Diaz,25,HOU,148,585,619,175,127,29,3,16,70,84,24,1,107,2,8,0,22,2,0,0.299,0.325,0.441,0.766,0.142,0.338,0.039,0.17300000000000001,0.22,249,128,109,11,2129,654,1475,18,0,0,0.0195,0.22399999999999998,0.512,0.263,0.125,0.329,9.3,82,3.0,116,0.23,11.97,0.409,0.379,0.212,0.11900000000000001,0.562,0.319,37,0.076,90.2,8.9,0.469,111.4,0.299,0.458,0.339
Luis Garcia Jr.,24,WSN,140,500,528,141,97,25,1,18,58,70,27,2,86,0,1,0,12,22,5,0.282,0.318,0.444,0.762,0.162,0.31,0.051,0.163,0.31,194,133,82,6,1884,618,1266,11,6,2,0.0146,0.2,0.474,0.325,0.135,0.328,7.6,69,3.0,110,1.63,15.46,0.304,0.424,0.272,0.149,0.5329999999999999,0.318,33,0.08,89.1,8.2,0.41200000000000003,110.7,0.278,0.452,0.331
Carlos Santana,38,MIN,150,521,594,124,75,26,0,23,63,71,65,3,99,6,2,0,11,4,0,0.238,0.328,0.42,0.749,0.182,0.252,0.109,0.16699999999999998,0.66,164,187,73,29,2424,963,1461,12,0,0,0.0088,0.172,0.387,0.441,0.12300000000000001,0.326,7.8,77,3.0,113,0.54,7.63,0.5329999999999999,0.302,0.165,0.198,0.467,0.335,31,0.073,89.2,16.1,0.39899999999999997,113.6,0.246,0.415,0.33
Wyatt Langford,22,TEX,134,499,557,126,81,25,4,16,74,74,51,3,115,4,3,0,6,19,3,0.253,0.325,0.415,0.74,0.162,0.296,0.092,0.20600000000000002,0.44,156,161,70,24,2257,875,1382,10,0,0,0.0097,0.18100000000000002,0.40299999999999997,0.41600000000000004,0.099,0.321,4.9,70,3.0,111,0.83,6.75,0.46799999999999997,0.305,0.22699999999999998,0.183,0.46799999999999997,0.349,36,0.09300000000000001,89.6,16.6,0.434,111.9,0.257,0.427,0.331
Willi Castro,27,MIN,158,558,635,138,90,31,5,12,89,60,51,0,150,21,4,1,8,14,9,0.247,0.331,0.385,0.717,0.138,0.315,0.08,0.23600000000000002,0.34,164,154,89,11,2511,864,1647,10,6,0,0.0106,0.21899999999999997,0.40299999999999997,0.37799999999999995,0.078,0.317,3.5,78,3.0,107,0.78,11.16,0.395,0.35100000000000003,0.254,0.15,0.5379999999999999,0.312,29,0.07,87.4,13.6,0.361,112.3,0.244,0.381,0.32
Nathaniel Lowe,28,TEX,140,486,565,129,96,16,1,16,62,69,71,1,125,4,4,0,9,2,0,0.265,0.361,0.401,0.762,0.136,0.324,0.126,0.221,0.57,174,107,84,10,2357,935,1422,14,0,0,0.0163,0.23,0.47700000000000004,0.293,0.15,0.337,12.3,78,2.9,122,0.78,21.9,0.29600000000000004,0.395,0.31,0.18100000000000002,0.523,0.29600000000000004,21,0.057999999999999996,88.9,7.7,0.395,111.8,0.252,0.38,0.328
Jonathan India,27,CIN,151,533,637,132,87,28,2,15,84,58,80,0,125,15,7,2,16,13,2,0.248,0.357,0.392,0.75,0.144,0.293,0.126,0.196,0.64,175,150,90,16,2653,1073,1580,9,2,0,0.011699999999999999,0.217,0.42200000000000004,0.361,0.1,0.333,11.9,86,2.9,109,0.48,8.44,0.42,0.376,0.204,0.17300000000000001,0.53,0.297,32,0.077,87.2,13.5,0.36200000000000004,110.8,0.266,0.412,0.352
Josh Smith,26,TEX,149,523,592,135,91,30,1,13,67,62,46,1,121,18,3,2,6,11,2,0.258,0.337,0.394,0.731,0.136,0.311,0.078,0.204,0.38,155,151,95,15,2327,829,1498,11,6,4,0.0103,0.237,0.387,0.377,0.086,0.323,6.0,75,2.9,112,0.48,11.56,0.442,0.359,0.19899999999999998,0.162,0.5720000000000001,0.265,15,0.037000000000000005,87.8,15.4,0.369,108.0,0.242,0.352,0.304
Taylor Ward,30,LAA,156,585,663,144,91,26,2,25,73,75,63,0,163,7,8,0,11,6,4,0.246,0.323,0.426,0.748,0.179,0.294,0.095,0.24600000000000002,0.39,140,194,96,10,2601,976,1625,6,0,0,0.0072,0.223,0.326,0.451,0.129,0.325,8.1,86,2.8,112,-0.38,4.3,0.34,0.349,0.312,0.091,0.509,0.4,56,0.13,90.9,17.4,0.42100000000000004,109.4,0.251,0.458,0.344
Brandon Nimmo,31,NYM,151,571,663,128,77,25,3,23,88,90,77,1,158,12,3,0,7,15,0,0.224,0.327,0.399,0.727,0.175,0.267,0.11599999999999999,0.23800000000000002,0.49,175,158,83,9,2749,1072,1677,12,0,0,0.0111,0.2,0.42100000000000004,0.38,0.146,0.321,5.5,83,2.8,109,3.73,30.12,0.382,0.368,0.25,0.132,0.512,0.35600000000000004,37,0.08900000000000001,91.9,11.2,0.474,111.5,0.244,0.408,0.335
Andres Gimenez,25,CLE,152,583,633,147,115,22,1,9,64,63,26,1,97,15,6,3,11,30,5,0.252,0.298,0.34,0.638,0.087,0.286,0.040999999999999995,0.153,0.27,245,142,100,13,2404,750,1654,24,8,3,0.0173,0.205,0.503,0.292,0.063,0.281,-14.6,59,2.8,84,-0.19,-10.3,0.4,0.34700000000000003,0.253,0.19,0.57,0.24,14,0.027999999999999997,86.3,8.6,0.285,109.6,0.262,0.355,0.296
Adley Rutschman,26,BAL,148,571,638,143,102,21,1,19,68,79,58,3,103,2,7,0,9,1,0,0.25,0.318,0.391,0.709,0.14,0.272,0.091,0.161,0.56,164,204,107,22,2594,908,1686,7,0,0,0.008,0.225,0.345,0.429,0.09300000000000001,0.309,-0.7,74,2.7,102,0.27,13.43,0.42100000000000004,0.358,0.221,0.156,0.5579999999999999,0.28600000000000003,29,0.061,88.2,18.8,0.364,109.3,0.255,0.393,0.315
Jeremy Pena,26,HOU,157,602,650,160,115,28,2,15,78,70,25,1,111,14,6,3,15,20,6,0.266,0.308,0.394,0.701,0.128,0.301,0.038,0.171,0.23,245,156,95,15,2272,722,1550,31,4,0,0.015700000000000002,0.192,0.494,0.315,0.096,0.305,-2.7,73,2.7,99,-2.2,-7.32,0.42,0.376,0.204,0.18600000000000003,0.5479999999999999,0.266,27,0.054000000000000006,88.2,7.5,0.38799999999999996,109.5,0.263,0.394,0.31
Matt Olson,30,ATL,162,600,685,148,81,37,1,29,78,98,71,5,170,9,5,0,15,0,0,0.247,0.333,0.457,0.79,0.21,0.293,0.10400000000000001,0.248,0.42,156,187,92,14,2949,1094,1855,10,0,0,0.0083,0.21100000000000002,0.359,0.43,0.155,0.339,16.1,96,2.6,118,1.08,12.34,0.386,0.354,0.26,0.149,0.49200000000000005,0.359,54,0.124,91.5,16.1,0.474,113.9,0.247,0.448,0.341
Will Smith,29,LAD,128,476,544,118,72,24,2,20,77,75,51,6,105,9,8,0,8,1,1,0.248,0.327,0.433,0.76,0.185,0.273,0.094,0.193,0.49,125,180,73,7,2273,840,1433,8,0,0,0.0069,0.193,0.331,0.47600000000000003,0.111,0.326,6.8,70,2.6,109,1.59,6.3,0.33899999999999997,0.386,0.275,0.114,0.542,0.344,41,0.10800000000000001,89.4,18.7,0.409,109.1,0.24,0.443,0.331
Brice Turang,24,MIL,155,559,619,142,107,24,4,7,72,57,50,1,105,2,3,5,8,50,6,0.254,0.316,0.349,0.665,0.095,0.3,0.081,0.17,0.48,233,116,95,10,2474,841,1633,11,18,7,0.020099999999999996,0.214,0.525,0.261,0.06,0.294,-7.9,64,2.6,89,-1.17,-4.12,0.264,0.39399999999999996,0.342,0.154,0.5870000000000001,0.26,11,0.024,87.0,6.1,0.294,107.8,0.261,0.34,0.297
Jacob Young,24,WSN,150,468,521,120,92,24,1,3,75,36,30,0,102,12,2,9,11,33,10,0.256,0.316,0.331,0.648,0.075,0.321,0.057999999999999996,0.196,0.29,180,83,79,6,1956,673,1283,9,34,11,0.0217,0.231,0.526,0.243,0.036000000000000004,0.29,-8.6,52,2.6,85,-0.71,-10.77,0.301,0.34299999999999997,0.35600000000000004,0.17300000000000001,0.622,0.205,6,0.016,85.8,4.0,0.289,106.7,0.253,0.317,0.286
Matt Vierling,27,DET,144,518,567,133,84,28,5,16,80,57,41,1,121,3,5,0,9,6,1,0.257,0.312,0.423,0.735,0.166,0.303,0.07200000000000001,0.213,0.34,168,151,80,15,2312,856,1456,13,3,0,0.0111,0.201,0.42100000000000004,0.37799999999999995,0.106,0.317,3.3,70,2.5,108,-1.24,-4.4,0.386,0.358,0.256,0.172,0.55,0.27899999999999997,30,0.075,89.7,11.7,0.39799999999999996,111.2,0.256,0.393,0.309
Heliot Ramos,24,SFG,121,475,518,128,80,23,3,22,54,72,37,2,135,2,4,0,12,6,1,0.269,0.322,0.469,0.792,0.2,0.329,0.071,0.261,0.27,148,127,69,9,2011,711,1300,15,0,0,0.011699999999999999,0.201,0.43,0.369,0.17300000000000001,0.339,11.9,73,2.3,120,1.51,17.66,0.314,0.39,0.297,0.166,0.517,0.317,50,0.145,91.5,10.4,0.474,111.8,0.25,0.481,0.338
Josh Naylor,27,CLE,152,563,633,137,79,27,0,31,84,108,58,7,105,7,4,0,17,6,2,0.243,0.32,0.456,0.776,0.213,0.246,0.092,0.166,0.55,216,167,79,18,2289,851,1438,5,0,0,0.0129,0.171,0.46799999999999997,0.361,0.18600000000000003,0.332,10.9,85,2.3,119,0.52,14.6,0.41600000000000004,0.374,0.21,0.16,0.526,0.314,39,0.084,89.9,11.0,0.408,110.9,0.257,0.443,0.335
Michael Busch,26,CHC,152,496,567,123,72,28,2,21,73,65,63,1,162,4,4,0,9,2,1,0.248,0.335,0.44,0.775,0.192,0.322,0.111,0.28600000000000003,0.39,132,136,69,15,2365,921,1444,6,1,1,0.0097,0.205,0.392,0.40399999999999997,0.154,0.336,12.0,78,2.2,118,1.69,9.46,0.429,0.325,0.24600000000000002,0.145,0.547,0.308,38,0.11199999999999999,90.0,17.1,0.39899999999999997,109.3,0.217,0.418,0.319
Lourdes Gurriel Jr.,30,ARI,133,513,553,143,101,22,2,18,72,75,29,1,101,6,5,0,16,7,1,0.279,0.322,0.435,0.757,0.156,0.313,0.052000000000000005,0.183,0.29,158,171,88,15,2085,694,1391,10,0,0,0.0092,0.21100000000000002,0.379,0.41,0.105,0.327,7.4,72,2.2,108,0.16,3.7,0.41700000000000004,0.307,0.276,0.18,0.499,0.321,28,0.067,88.4,15.7,0.39799999999999996,110.6,0.267,0.421,0.319
Bryan Reynolds,29,PIT,156,622,692,171,115,29,3,24,73,88,57,3,156,10,3,0,7,10,2,0.275,0.344,0.447,0.791,0.172,0.33,0.08199999999999999,0.225,0.37,215,151,103,5,2606,958,1648,21,0,0,0.014199999999999999,0.22,0.45799999999999996,0.322,0.159,0.343,18.1,99,2.1,118,2.77,28.06,0.386,0.348,0.267,0.13,0.525,0.345,45,0.096,89.9,9.4,0.452,111.6,0.27,0.463,0.35
Pete Alonso,29,NYM,162,608,695,146,81,31,0,34,91,88,70,4,172,13,4,0,14,3,0,0.24,0.329,0.459,0.788,0.219,0.276,0.10099999999999999,0.247,0.41,185,185,69,19,2783,1057,1726,13,0,0,0.01,0.157,0.42100000000000004,0.42100000000000004,0.184,0.34,16.6,98,2.1,122,0.65,13.08,0.428,0.303,0.26899999999999996,0.157,0.494,0.349,57,0.13,89.8,14.4,0.45899999999999996,116.3,0.242,0.461,0.343
Cody Bellinger,28,CHC,130,516,569,137,93,23,3,18,72,78,45,7,89,3,5,0,10,9,2,0.266,0.325,0.426,0.751,0.161,0.287,0.079,0.156,0.51,160,199,73,17,2084,712,1372,17,0,0,0.008,0.16899999999999998,0.37,0.461,0.09,0.322,5.3,72,2.1,108,1.34,15.44,0.426,0.33799999999999997,0.23600000000000002,0.174,0.5529999999999999,0.273,27,0.063,87.8,17.4,0.324,109.2,0.242,0.391,0.301
Jake Cronenworth,30,SDP,155,577,656,139,90,29,3,17,72,83,61,0,118,11,3,1,19,5,2,0.241,0.324,0.39,0.714,0.149,0.274,0.09300000000000001,0.18,0.52,200,170,90,11,2755,1030,1725,10,3,2,0.0118,0.196,0.435,0.37,0.1,0.315,2.5,79,2.1,105,1.22,6.31,0.32799999999999996,0.384,0.287,0.166,0.525,0.309,36,0.077,88.6,13.9,0.365,110.9,0.259,0.42,0.335
Logan O'Hoppe,24,LAA,136,479,522,117,79,17,1,20,64,56,33,0,155,8,1,1,7,2,3,0.244,0.303,0.409,0.712,0.165,0.318,0.063,0.297,0.21,123,123,79,10,1985,675,1310,11,1,0,0.01,0.243,0.37799999999999995,0.37799999999999995,0.163,0.311,0.4,61,2.1,101,-0.82,-2.04,0.445,0.33399999999999996,0.221,0.126,0.485,0.39,39,0.12,90.4,15.3,0.46299999999999997,111.6,0.251,0.454,0.331
Shea Langeliers,26,OAK,137,482,534,108,59,18,2,29,58,80,41,2,145,5,6,0,15,4,2,0.224,0.288,0.45,0.739,0.226,0.252,0.077,0.272,0.28,128,151,64,21,1995,702,1293,7,0,0,0.0085,0.187,0.373,0.44,0.192,0.315,2.2,65,2.0,109,-1.06,-2.57,0.466,0.376,0.157,0.175,0.461,0.364,44,0.128,91.3,16.3,0.44,113.7,0.241,0.456,0.328
Randy Arozarena,29,- - -,154,549,648,120,67,33,0,20,77,60,73,0,169,22,4,0,7,20,10,0.219,0.332,0.388,0.72,0.169,0.275,0.113,0.261,0.43,171,157,55,23,2776,1077,1699,18,1,0,0.0109,0.14400000000000002,0.446,0.41,0.127,0.32,5.3,81,2.0,114,-2.24,-5.69,0.47100000000000003,0.326,0.203,0.16699999999999998,0.49200000000000005,0.341,32,0.083,90.4,13.2,0.435,112.1,0.219,0.381,0.324
Jake Meyers,28,HOU,148,461,513,101,65,20,3,13,51,61,35,0,117,10,4,3,17,11,3,0.219,0.286,0.36,0.646,0.141,0.263,0.068,0.228,0.3,147,133,62,12,1819,634,1185,9,9,5,0.0111,0.18100000000000002,0.43,0.389,0.098,0.285,-10.6,49,2.0,85,-1.86,-10.5,0.436,0.348,0.217,0.145,0.556,0.299,24,0.068,88.2,14.4,0.368,110.0,0.235,0.382,0.304
Yandy Diaz,32,TBR,145,563,621,158,112,31,1,14,55,65,50,0,95,4,4,0,12,0,0,0.281,0.341,0.414,0.755,0.133,0.314,0.081,0.153,0.53,258,132,82,20,2461,934,1527,18,0,0,0.0195,0.174,0.547,0.28,0.106,0.331,10.2,83,1.9,120,0.82,9.64,0.292,0.41100000000000003,0.297,0.159,0.48100000000000004,0.36,36,0.076,92.2,5.0,0.485,117.4,0.277,0.423,0.336
CJ Abrams,23,WSN,138,541,602,133,78,29,6,20,79,65,40,3,128,16,4,1,4,31,12,0.246,0.314,0.433,0.747,0.187,0.285,0.066,0.213,0.31,167,174,76,18,2262,745,1517,10,1,0,0.0096,0.182,0.4,0.41700000000000004,0.115,0.322,5.8,76,1.9,107,1.16,3.77,0.469,0.313,0.218,0.177,0.488,0.335,29,0.069,88.2,15.1,0.40399999999999997,110.0,0.247,0.409,0.319
Ryan McMahon,29,COL,153,567,645,137,89,28,0,20,68,65,69,4,185,3,4,0,9,4,6,0.242,0.325,0.397,0.722,0.155,0.32,0.107,0.287,0.37,188,121,75,5,2727,1005,1722,7,2,1,0.0155,0.195,0.49,0.315,0.165,0.315,2.7,78,1.9,89,0.33,-6.44,0.358,0.345,0.298,0.106,0.505,0.389,42,0.10800000000000001,92.1,10.0,0.49,113.0,0.243,0.414,0.325
Gleyber Torres,27,NYY,154,587,665,151,110,26,0,15,80,63,65,0,136,3,8,2,6,4,3,0.257,0.33,0.378,0.709,0.121,0.306,0.098,0.205,0.48,168,185,105,16,2822,1067,1755,9,3,0,0.0091,0.22899999999999998,0.36700000000000005,0.40399999999999997,0.081,0.313,1.3,79,1.8,105,-0.32,3.76,0.341,0.33799999999999997,0.321,0.141,0.59,0.26899999999999996,29,0.063,88.6,15.0,0.354,111.2,0.24,0.368,0.307
Colt Keith,22,DET,148,516,556,134,102,15,4,13,54,61,36,2,110,2,2,0,4,7,1,0.26,0.309,0.38,0.689,0.12,0.306,0.065,0.198,0.33,181,140,87,8,2023,697,1326,18,0,0,0.0129,0.213,0.444,0.34299999999999997,0.09300000000000001,0.301,-4.2,61,1.8,96,-0.12,4.22,0.355,0.377,0.267,0.157,0.564,0.27899999999999997,23,0.055999999999999994,87.9,11.6,0.35,109.4,0.266,0.393,0.311
Bryson Stott,26,PHI,148,506,571,124,92,19,2,11,65,57,53,1,93,3,9,0,9,32,3,0.245,0.315,0.356,0.671,0.111,0.275,0.09300000000000001,0.163,0.57,181,155,84,13,2310,807,1503,17,2,2,0.011699999999999999,0.2,0.431,0.369,0.071,0.296,-6.6,60,1.7,87,0.61,-4.02,0.332,0.365,0.303,0.17300000000000001,0.547,0.28,15,0.036000000000000004,87.1,14.1,0.308,109.8,0.254,0.363,0.306
Sal Frelick,24,MIL,145,475,524,123,95,22,4,2,66,32,39,0,78,4,1,2,8,18,3,0.259,0.32,0.335,0.655,0.076,0.306,0.07400000000000001,0.149,0.5,186,131,73,19,2047,732,1315,13,10,5,0.014199999999999999,0.187,0.47700000000000004,0.336,0.015,0.292,-7.6,54,1.6,87,-1.33,-2.2,0.313,0.418,0.27,0.24,0.578,0.183,3,0.006999999999999999,83.4,9.7,0.19399999999999998,106.6,0.246,0.304,0.278
Vinnie Pasquantino,26,KCR,131,496,554,130,79,30,2,19,64,97,40,1,71,4,13,1,12,1,0,0.262,0.315,0.446,0.76,0.183,0.265,0.07200000000000001,0.128,0.56,173,188,77,19,2136,762,1374,7,1,0,0.0092,0.17600000000000002,0.395,0.429,0.10099999999999999,0.325,6.4,71,1.5,109,1.03,15.39,0.47200000000000003,0.353,0.175,0.146,0.48100000000000004,0.374,31,0.071,91.0,14.6,0.45799999999999996,112.2,0.266,0.438,0.331
Jesus Sanchez,26,MIA,149,489,537,123,79,25,1,18,60,64,41,2,140,4,2,1,12,16,2,0.252,0.313,0.417,0.731,0.166,0.315,0.076,0.261,0.29,176,103,71,10,1993,672,1321,6,1,0,0.0171,0.203,0.503,0.294,0.175,0.317,2.9,66,1.5,101,1.09,-4.11,0.35,0.35,0.299,0.145,0.47,0.385,43,0.122,92.5,7.7,0.509,117.2,0.264,0.468,0.343
Spencer Steer,26,CIN,158,574,656,129,71,34,4,20,74,92,72,1,137,8,2,0,5,25,3,0.225,0.319,0.402,0.721,0.178,0.26,0.11,0.209,0.53,164,194,80,31,2626,993,1633,13,1,0,0.0085,0.183,0.374,0.44299999999999995,0.10300000000000001,0.316,3.3,80,1.5,98,1.56,17.83,0.444,0.317,0.239,0.182,0.485,0.33299999999999996,28,0.064,88.0,17.4,0.39899999999999997,108.0,0.235,0.379,0.315
Jake Burger,28,MIA,137,535,579,134,81,23,1,29,68,76,31,2,150,9,4,0,11,1,1,0.25,0.301,0.46,0.76,0.209,0.292,0.054000000000000006,0.259,0.21,172,158,59,19,2083,676,1407,9,0,0,0.0109,0.152,0.442,0.406,0.184,0.325,7.1,75,1.4,107,0.12,0.82,0.447,0.355,0.198,0.157,0.465,0.37799999999999995,48,0.12300000000000001,91.3,13.0,0.46799999999999997,115.5,0.256,0.476,0.338
Ryan Mountcastle,27,BAL,124,473,507,128,83,30,2,13,54,63,27,0,114,1,6,0,13,3,0,0.271,0.308,0.425,0.733,0.154,0.327,0.053,0.225,0.24,162,124,79,10,1904,601,1303,11,0,0,0.0131,0.21600000000000003,0.444,0.34,0.105,0.316,2.2,61,1.4,107,0.29,1.63,0.27899999999999997,0.386,0.33399999999999996,0.14,0.526,0.33399999999999996,32,0.08800000000000001,90.8,10.4,0.452,113.5,0.272,0.445,0.332
Lane Thomas,28,- - -,130,472,528,112,68,26,3,15,65,63,44,1,137,7,5,0,5,32,14,0.237,0.309,0.4,0.709,0.163,0.298,0.083,0.259,0.32,131,138,71,27,2080,761,1319,13,0,0,0.0095,0.209,0.385,0.406,0.109,0.309,-0.6,61,1.4,99,-0.61,-5.42,0.426,0.32899999999999996,0.244,0.20600000000000002,0.45899999999999996,0.335,25,0.07400000000000001,88.8,17.0,0.406,111.0,0.242,0.377,0.307
Zack Gelof,24,OAK,138,497,547,105,66,20,2,17,60,49,38,0,188,4,5,3,7,25,3,0.211,0.27,0.362,0.632,0.151,0.296,0.069,0.344,0.2,132,118,61,13,2056,695,1361,8,6,1,0.011200000000000002,0.196,0.424,0.379,0.14400000000000002,0.276,-14.9,49,1.4,82,-2.6,-22.17,0.467,0.32799999999999996,0.205,0.10400000000000001,0.612,0.284,28,0.08800000000000001,89.2,14.2,0.37200000000000005,109.1,0.199,0.347,0.271
Jesse Winker,30,- - -,145,430,508,109,72,23,0,14,63,58,63,2,106,10,3,2,12,14,4,0.253,0.36,0.405,0.764,0.151,0.304,0.124,0.209,0.59,146,108,70,13,2064,818,1246,3,5,1,0.013500000000000002,0.21600000000000003,0.451,0.33299999999999996,0.13,0.338,11.3,71,1.3,118,1.98,15.28,0.359,0.35600000000000004,0.28600000000000003,0.201,0.489,0.31,25,0.076,88.6,14.0,0.368,109.2,0.245,0.384,0.329
Leody Taveras,25,TEX,151,480,529,110,78,17,3,12,59,44,42,0,112,0,4,3,8,23,6,0.229,0.289,0.352,0.641,0.123,0.272,0.079,0.212,0.38,147,152,70,16,2009,728,1281,7,6,0,0.0097,0.19,0.39799999999999996,0.41200000000000003,0.079,0.282,-11.9,50,1.2,83,-2.15,-20.2,0.304,0.373,0.32299999999999995,0.17600000000000002,0.539,0.285,22,0.059000000000000004,89.0,14.7,0.349,110.1,0.24,0.368,0.295
Maikel Garcia,24,KCR,157,575,626,133,94,27,5,7,84,58,42,0,103,0,5,4,7,37,2,0.231,0.281,0.332,0.614,0.101,0.268,0.067,0.165,0.41,233,145,95,14,2361,850,1511,9,8,3,0.0161,0.201,0.493,0.307,0.048,0.27,-20.2,53,1.2,70,-2.51,-13.6,0.32799999999999996,0.387,0.285,0.12300000000000001,0.5760000000000001,0.301,18,0.037000000000000005,90.4,6.4,0.426,108.6,0.26,0.366,0.3
Jorge Soler,32,- - -,142,493,574,119,63,34,1,21,84,64,68,0,141,6,4,0,9,1,0,0.241,0.338,0.442,0.78,0.201,0.293,0.11800000000000001,0.24600000000000002,0.48,135,164,57,23,2361,915,1446,6,0,0,0.008199999999999999,0.16,0.379,0.461,0.128,0.34,13.7,81,1.1,120,-0.37,7.72,0.441,0.326,0.233,0.154,0.47200000000000003,0.374,44,0.12300000000000001,90.5,17.9,0.43700000000000006,115.4,0.244,0.447,0.346
Luis Arraez,27,- - -,150,637,672,200,161,32,3,4,83,46,24,3,29,8,1,2,18,9,3,0.314,0.346,0.392,0.739,0.078,0.324,0.036000000000000004,0.043,0.83,252,195,161,11,2418,738,1680,9,3,1,0.0129,0.265,0.414,0.321,0.021,0.323,6.8,85,1.1,109,-0.17,-2.09,0.327,0.375,0.298,0.152,0.619,0.22899999999999998,10,0.016,86.3,13.7,0.231,108.4,0.31,0.4,0.325
Justin Turner,39,- - -,139,460,539,119,84,24,0,11,59,55,59,2,95,13,7,0,16,0,2,0.259,0.354,0.383,0.737,0.124,0.299,0.109,0.17600000000000002,0.62,121,156,95,14,2323,865,1458,7,0,0,0.0078000000000000005,0.255,0.325,0.419,0.071,0.327,7.1,70,1.1,116,0.37,-0.13,0.409,0.344,0.247,0.145,0.562,0.293,17,0.046,87.1,17.8,0.325,106.8,0.252,0.383,0.328
Paul Goldschmidt,36,STL,154,599,654,147,91,33,1,22,70,65,47,2,173,2,2,0,20,11,0,0.245,0.302,0.414,0.716,0.169,0.308,0.07200000000000001,0.265,0.27,184,153,91,11,2720,937,1783,12,0,0,0.012,0.213,0.43,0.35700000000000004,0.14400000000000002,0.31,-0.2,76,1.1,100,-0.43,-9.73,0.414,0.327,0.259,0.11,0.491,0.4,46,0.106,91.2,13.1,0.48100000000000004,111.4,0.255,0.45,0.329
George Springer,34,TOR,145,545,614,120,79,19,3,19,74,56,60,0,115,6,2,0,16,16,1,0.22,0.303,0.371,0.674,0.15,0.245,0.098,0.187,0.52,219,142,71,15,2307,842,1465,12,0,0,0.0154,0.16399999999999998,0.507,0.32899999999999996,0.134,0.298,-5.9,66,1.1,94,-2.0,-13.67,0.39799999999999996,0.373,0.22899999999999998,0.171,0.525,0.303,39,0.09,87.5,9.4,0.37,110.6,0.244,0.402,0.322
Ceddanne Rafaela,23,BOS,152,544,571,134,91,23,5,15,70,75,15,1,151,7,3,2,8,19,10,0.246,0.274,0.39,0.664,0.143,0.312,0.026000000000000002,0.264,0.1,165,145,83,25,2070,564,1506,19,5,1,0.011399999999999999,0.21100000000000002,0.42,0.369,0.10300000000000001,0.286,-11.1,56,0.9,80,-1.47,-11.77,0.41200000000000003,0.344,0.244,0.196,0.55,0.254,30,0.075,86.6,14.9,0.36700000000000005,108.2,0.229,0.368,0.273
Brendan Rodgers,27,COL,135,501,539,134,91,29,1,13,67,54,31,1,132,4,2,1,12,1,0,0.267,0.314,0.407,0.721,0.14,0.338,0.057999999999999996,0.245,0.23,208,95,68,4,2080,723,1357,15,1,0,0.0219,0.183,0.561,0.256,0.13699999999999998,0.314,1.5,65,0.8,87,-0.98,-10.38,0.36,0.414,0.226,0.14,0.57,0.29,21,0.055999999999999994,89.3,4.9,0.43799999999999994,111.1,0.248,0.377,0.295
Orlando Arcia,29,ATL,157,551,602,120,79,24,0,17,50,46,41,1,128,2,7,1,16,2,0,0.218,0.271,0.354,0.625,0.136,0.249,0.068,0.213,0.32,211,154,65,28,2332,837,1495,17,1,0,0.0137,0.151,0.491,0.358,0.11,0.273,-18.2,52,0.8,73,-3.51,-34.68,0.503,0.309,0.188,0.195,0.49200000000000005,0.313,23,0.053,88.2,8.6,0.37799999999999995,107.8,0.206,0.323,0.261
Nolan Schanuel,22,LAA,147,519,607,130,98,19,0,13,62,54,68,0,103,9,7,3,14,10,1,0.25,0.343,0.362,0.706,0.112,0.285,0.11199999999999999,0.17,0.66,194,129,98,5,2357,900,1457,7,5,1,0.015,0.233,0.461,0.306,0.10099999999999999,0.315,2.6,74,0.7,105,-0.8,-1.01,0.40399999999999997,0.376,0.221,0.138,0.615,0.24600000000000002,15,0.035,86.1,10.3,0.253,105.9,0.254,0.355,0.318
Alex Verdugo,28,NYY,149,559,621,130,88,28,1,13,74,61,49,0,93,1,10,2,14,2,1,0.233,0.291,0.356,0.647,0.123,0.253,0.079,0.15,0.53,233,160,80,11,2345,829,1516,11,5,2,0.0146,0.16899999999999998,0.493,0.33799999999999997,0.081,0.283,-13.4,59,0.7,84,-1.37,-24.52,0.37200000000000005,0.34299999999999997,0.285,0.14400000000000002,0.542,0.314,27,0.055999999999999994,88.3,9.9,0.349,110.7,0.25,0.373,0.302
Alec Burleson,25,STL,152,547,595,147,106,20,0,21,71,78,35,0,76,4,6,1,8,9,4,0.269,0.314,0.42,0.735,0.152,0.276,0.059000000000000004,0.128,0.46,198,175,102,20,2118,690,1428,6,3,1,0.0113,0.215,0.41700000000000004,0.368,0.12,0.319,4.0,74,0.6,105,1.62,10.28,0.337,0.397,0.266,0.134,0.5710000000000001,0.295,31,0.065,89.7,13.6,0.41,111.0,0.273,0.435,0.329
Andrew McCutchen,37,PIT,120,448,515,104,65,18,1,20,66,50,58,1,133,7,2,0,9,3,2,0.232,0.328,0.411,0.739,0.179,0.283,0.113,0.258,0.44,130,133,54,17,2165,838,1327,11,0,0,0.0098,0.17,0.41,0.42,0.15,0.325,5.9,66,0.5,105,-0.82,-0.67,0.41600000000000004,0.382,0.20199999999999999,0.18,0.479,0.341,37,0.11699999999999999,88.4,14.3,0.363,109.8,0.227,0.421,0.327
Nick Castellanos,32,PHI,162,606,659,154,97,30,4,23,80,86,41,2,139,10,2,0,14,6,2,0.254,0.311,0.431,0.742,0.177,0.294,0.062,0.21100000000000002,0.29,176,182,111,8,2349,748,1601,8,0,0,0.0097,0.237,0.375,0.38799999999999996,0.126,0.321,5.6,83,0.2,104,-0.79,-1.3,0.386,0.371,0.243,0.128,0.542,0.33,37,0.079,88.3,15.0,0.377,113.1,0.271,0.441,0.333
Rhys Hoskins,31,MIL,131,449,517,96,56,14,0,26,59,82,53,1,149,7,6,0,11,3,0,0.214,0.303,0.419,0.722,0.205,0.25,0.10300000000000001,0.28800000000000003,0.36,104,148,54,20,2244,833,1411,11,0,0,0.006999999999999999,0.17600000000000002,0.34,0.484,0.17600000000000002,0.313,1.4,62,0.2,102,0.91,-1.42,0.546,0.271,0.183,0.17,0.461,0.369,39,0.127,88.7,20.7,0.419,109.6,0.202,0.387,0.301
Josh Bell,31,- - -,145,538,603,134,90,23,2,19,62,71,51,1,120,6,3,0,22,0,1,0.249,0.319,0.405,0.725,0.156,0.286,0.085,0.19899999999999998,0.43,209,139,73,9,2238,860,1378,15,0,0,0.015,0.17300000000000001,0.496,0.33,0.13699999999999998,0.317,3.3,74,-0.1,101,0.37,4.72,0.423,0.321,0.257,0.152,0.525,0.32299999999999995,32,0.075,88.8,10.5,0.397,111.2,0.235,0.391,0.307
Andrew Vaughn,26,CHW,149,570,619,140,90,30,1,19,55,70,38,0,132,6,5,0,13,2,0,0.246,0.297,0.402,0.699,0.156,0.285,0.061,0.213,0.29,169,203,71,31,2338,790,1548,6,0,0,0.0083,0.16,0.381,0.45799999999999996,0.094,0.304,-3.2,69,-0.2,97,-2.11,-10.56,0.35700000000000004,0.386,0.257,0.174,0.494,0.332,41,0.09300000000000001,90.3,16.6,0.431,112.2,0.244,0.44,0.319
Adolis Garcia,31,TEX,154,580,637,130,78,27,0,25,68,85,45,2,177,6,6,0,12,11,5,0.224,0.284,0.4,0.684,0.176,0.273,0.071,0.278,0.25,155,175,79,21,2534,894,1640,11,0,0,0.0089,0.193,0.379,0.428,0.14300000000000002,0.296,-7.4,67,-0.2,93,-1.63,-14.34,0.39899999999999997,0.318,0.284,0.171,0.465,0.364,50,0.122,91.0,15.0,0.479,116.1,0.227,0.413,0.306
Andrew Benintendi,29,CHW,135,477,522,109,69,20,0,20,50,64,41,1,96,1,3,0,12,3,2,0.229,0.289,0.396,0.685,0.168,0.245,0.079,0.184,0.43,147,162,73,12,1997,721,1276,5,2,1,0.0091,0.191,0.385,0.424,0.12300000000000001,0.298,-5.2,56,-0.3,93,-0.21,-9.98,0.445,0.344,0.21100000000000002,0.154,0.539,0.307,24,0.063,88.0,16.1,0.341,109.5,0.243,0.389,0.303
Ty France,29,- - -,140,479,535,112,75,24,0,13,46,51,38,0,114,13,5,0,16,1,1,0.234,0.305,0.365,0.67,0.132,0.277,0.071,0.213,0.33,169,134,67,15,2030,732,1298,11,0,0,0.0126,0.18100000000000002,0.457,0.36200000000000004,0.09699999999999999,0.296,-6.0,57,-0.8,94,-1.42,-16.0,0.359,0.36200000000000004,0.278,0.141,0.573,0.28600000000000003,27,0.073,88.7,12.9,0.397,111.1,0.228,0.387,0.303
Christopher Morel,25,- - -,152,535,611,105,70,11,3,21,56,60,61,3,159,10,5,0,15,8,7,0.196,0.288,0.346,0.634,0.15,0.233,0.1,0.26,0.38,173,153,55,27,2352,896,1456,13,0,0,0.0113,0.14400000000000002,0.45399999999999996,0.402,0.13699999999999998,0.28,-14.6,57,-1.0,81,-2.83,-23.67,0.465,0.365,0.171,0.18600000000000003,0.478,0.336,39,0.102,89.2,14.2,0.40399999999999997,111.4,0.225,0.399,0.316
Bryan De La Cruz,27,- - -,149,584,622,136,90,25,0,21,61,68,29,1,170,3,5,0,10,5,2,0.233,0.271,0.384,0.654,0.151,0.289,0.047,0.273,0.17,172,155,92,8,2395,792,1603,15,0,0,0.0111,0.22,0.41100000000000003,0.37,0.135,0.283,-13.8,59,-1.2,78,-1.29,-11.64,0.42,0.308,0.272,0.126,0.547,0.327,39,0.09300000000000001,89.6,13.1,0.41,110.5,0.242,0.419,0.302
